[
    {
        "id": "0001",
        "question": "What training need to be completed before joing the Projects?",
        "answer": "Before joining TD Projects, mandatory trainings should be completed like <b>Agile Way of wroking E1 (5376)</b>, <b>Process Improvement E0 (1846)</b>, <b>BCM E0 (5414)</b>",
        "cat": "General"
    },
    {
        "id": "0002",
        "question": "What portal need to use for technical training?",
        "answer": "In ultimatix, there are multiple learning portals where we can learn technical skiils. <a href='https://play.fresco.me' target='_blank'>Portal Fresco</a>, <a href='https://www.linkedin.com/learning/' target='_blank'>Linkedin</a>, <a href='https://tcsglobal.udemy.com' target='_blank'>Udemy</a>",
        "cat": "General"
    },
    {
        "id": "0003",
        "question": "What training need to be completed for UI Developer?",
        "answer": "HTML 5, Bootstrap, Angular.js, Angular 2+",
        "cat": "UI"
    },
    {
        "id": "0004",
        "question": "How to Login to VDI from outsid'e TD Network?",
        "answer": "<ol><li>Using Internet Explorer 11 go to URL: <a href='https://prod.vdi.ras.tdbank.ca' target='_blank'>https://prod.vdi.ras.tdbank.ca</a></li><li>Sign in – Fill out given fields and click Log On<ul><li><b>Username:</b> Enter your TDBFG username</li><li><b>Password:</b> Enter your TDBFG Password</li><li><b>Secure 'id' PASSCODE:</b> Enter your PIN followed by the numbers on your RSA token</li><li><b>Domain:</b> Select TDBFG</li><ul></li></ol>",
        "cat": "VDI"
    },
    {
        "id": "0005",
        "question": "How to launch the VDI?",
        "answer": "<ol><li>Once you log in, Storefront will present two Tabs. You will a see Favorites and Desktop menu TAB.</li><li>On your first login, please select the Desktop TAB.</li><li>Once in the Desktop tab, you will see your VM(s), and you can add any of them to your Favorites TAB by selecting Details and Add To Favorites. You may have a single VM icon if you have one VM, or multiple VM icon’s representing multiple VMs.</li><li>The name of your VM ('id') is displayed bes'id'es the VM icon and will start with TVD**** in the “Detail” section. (Sample: TVD9C2A001)</li><li>Once you add your VM to the Favorites tab, it will be displayed in favorites next time you login.</li><li> You will then see a Connecting… screen shortly after launching the VM. Please note that launching your VM for the first time can take few minutes.</li></ol>",
        "cat": "VDI"
    },
    {
        "id": "0006",
        "question": "What are the software(s) required to start work? And how to install them ?",
        "answer": "<p>Raise the request for new softwares in Service now with below package name (may vary project to project)</p><ul><li>Git</li><li>Maven</li><li>Beyond Compare</li><li>JDK</li><li>Putty</li><li>Node JS</li><li>Notepad++</li><li>Teams</li></ul>",
        "cat": "VDI"
    },
    {
        "id": "0007",
        "question": "How to complete TD Mandatory Training(s)?",
        "answer": "<ul><li>Open TD Learning portal from VDI : <a href='https://td.sumtotal.host' target='_blank'>https://td.sumtotal.host</a></li><li>Navigate to Active Learning tab under Profile -> Active Learning</li><li>In Active Learning section, one can see all the trainings assigned to them, complete all the assigned trainings on time</li></ul>",
        "cat": "Training"
    },
    {
        "id": "0008",
        "question": "What are the learning paths for MS Azure Cloud Platform?",
        "answer": "<ul><p>Hands-on Courses for Microsoft Azure are available at below paths</p><li><b>LinkedIn:</b> Become an Azure Developer, Azure administration training URL - <a href='https://www.linkedin.com/' target='_blank'>https://www.linkedin.com/</a></li><li><b>iEvolve:</b> Digital : Microsoft Azure, Azure Fundamentals, Azure DevOps URL – <a href='https://ievolveng.ultimatix.net/ievolve/' target='_blank'>https://ievolveng.ultimatix.net/ievolve/</a></li><li><b>Fresco Play:</b> Azure Essentials, Azure Continuum, Azure Virtual Network, Azure Storage URL - <a href='https://play.fresco.me' target='_blank'>https://play.fresco.me</a></li></ul>",
        "cat": "Training"
    },
    {
        "id": "0009",
        "question": "What are the learning paths for Adobe Experience Manager (AEM)?",
        "answer": "<ul><p>Courses for AEM are available at below paths</p><li><b>Linkedln:</b> AEM Essentials training. URL - <a href='https://www.linkedin.com/' target='_blank'>https://www.linkedin.com/</a></li><li><b>iEvolve:</b> AEM Enterprise platform and solutions, Digital:Adobe  Experience Manager,AEM Foundation, AEM Features and Updates, AEM Sites: Developer,AEM Business Practitioner, AEM Architect. URL - <a href='https://ievolveng.ultimatix.net/ievolve/' target='_blank'>https://ievolveng.ultimatix.net/ievolve/</a></li><li><b>O'Reilly:</b> AEM Web Content Management, AEM Component Developer. URL - <a href='>https://learning.oreilly.com' target='_blank'>https://learning.oreilly.com</a></li></ul>",
        "cat": "Training"
    }
]