[
    {
        "id": "0001",
        "question": "General some question",
        "answer": "some ans",
        "cat": "general"
    },
    {
        "id": "0002",
        "question": "General some question",
        "answer": "some ans",
        "cat": "general"
    },
    {
        "id": "0003",
        "question": "UI some question",
        "answer": "some ans",
        "cat": "ui"
    },
    {
        "id": "0004",
        "question": "UI some question",
        "answer": "some ans",
        "cat": "ui"
    },
    {
        "id": "0005",
        "question": "Angular some question",
        "answer": "some ans",
        "cat": "angular"
    },
    {
        "id": "0006",
        "question": "Angular some question",
        "answer": "some ans <strong>test</span>",
        "cat": "angular"
    },
    {
        "id": "0007",
        "question": "some question",
        "answer": "some ans",
        "cat": "java"
    },
    {
        "id": "0008",
        "question": "some question",
        "answer": "some ans",
        "cat": "java"
    }
]